{"cameraMode":{"drawMode":0,"name":"Shaded","section":"Shading Mode"},"sceneLighting":false,"audioPlay":false,"sceneViewState":{"m_AlwaysRefresh":false,"showFog":true,"showSkybox":false,"showFlares":true,"showImageEffects":true,"showParticleSystems":true,"showVisualEffectGraphs":true,"m_FxEnabled":true},"in2DMode":false,"pivot":{"x":-0.2914702892303467,"y":1.981790542602539,"z":0.3915984630584717},"rotation":{"x":-0.3674115836620331,"y":0.14750932157039643,"z":-0.059139132499694827,"w":-0.9163951873779297},"size":2.3353731632232668,"orthographic":false}